--- BAR_DO_SEU_ZE ---

USE DB_T2_EVERTON_SILVA;

-- 2. CRIAÇÃO DAS TABELAS
CREATE TABLE ZE_SUPPLIERS (
    SUPPLIER_ID INT PRIMARY KEY AUTO_INCREMENT,
    SUPPLIER_NAME VARCHAR(100)
);

CREATE TABLE ZE_PRODUCTS (
    PRODUCT_ID INT PRIMARY KEY AUTO_INCREMENT,
    PRODUCT_NAME VARCHAR(100),
    COST_PRICE DECIMAL(10,2),
    SELLING_PRICE DECIMAL(10,2),
    SUPPLIER_ID INT,
    FOREIGN KEY (SUPPLIER_ID) REFERENCES ZE_SUPPLIERS(SUPPLIER_ID)
);

CREATE TABLE ZE_EMPLOYEES (
    EMPLOYEE_ID INT PRIMARY KEY AUTO_INCREMENT,
    EMPLOYEE_NAME VARCHAR(100),
    SALARY DECIMAL(10,2)
);

CREATE TABLE ZE_CLIENTS (
    CLIENT_ID INT PRIMARY KEY AUTO_INCREMENT,
    CLIENT_NAME VARCHAR(100)
);

CREATE TABLE ZE_SALES (
    SALE_ID INT PRIMARY KEY AUTO_INCREMENT,
    SALE_DATE DATE,
    PRODUCT_ID INT,
    EMPLOYEE_ID INT,
    CLIENT_ID INT,
    QUANTITY INT,
    PAYMENT_STATUS VARCHAR(20), -- 'PAID' OU 'ON_CREDIT'
    FOREIGN KEY (PRODUCT_ID) REFERENCES ZE_PRODUCTS(PRODUCT_ID),
    FOREIGN KEY (EMPLOYEE_ID) REFERENCES ZE_EMPLOYEES(EMPLOYEE_ID),
    FOREIGN KEY (CLIENT_ID) REFERENCES ZE_CLIENTS(CLIENT_ID)
);

-- 3. INSERÇÃO DE FORNECEDORES E PRODUTOS
INSERT INTO ZE_SUPPLIERS (SUPPLIER_NAME) VALUES 
('DISTRIBUIDORA CEVADA PURA'), ('ALAMBIQUE VELHO OESTE'), ('GRANJA RENASCER'), ('FRIGORÍFICO BOI GORDO'), 
('SALGADARIA POPULAR'), ('HORTIFRUTI DO CAMPO'), ('SNACKS DO CERRADO'), ('LATICÍNIOS DA SERRA'), 
('PESCADOS DA COSTA'), ('TABACARIA OURO NEGRO');

INSERT INTO ZE_PRODUCTS (PRODUCT_ID, PRODUCT_NAME, COST_PRICE, SELLING_PRICE, SUPPLIER_ID) VALUES 
(1, 'CERVEJA', 6.50, 10.00, 1), (2, 'CACHAÇA', 1.20, 3.00, 2), (3, 'OVO ROSA', 1.10, 2.50, 3), 
(4, 'ESPETINHO', 3.80, 8.00, 4), (5, 'BOLINHO DE CARNE', 2.50, 6.00, 5), (6, 'COXINHA', 2.50, 6.00, 5), 
(7, 'RISOLES', 2.50, 6.00, 5), (8, 'QUIBE', 2.50, 6.00, 5), (9, 'EMPADA', 2.10, 5.00, 5), 
(10, 'TORRESMO', 1.80, 5.00, 4), (11, 'BATATA FRITA', 8.50, 20.00, 6), (12, 'AMENDOIM', 1.10, 3.00, 7), 
(13, 'OVO DE CODORNA', 0.40, 1.00, 3), (14, 'AZEITONA', 4.20, 10.00, 6), (15, 'QUEIJO COALHO', 3.40, 7.00, 8), 
(16, 'LINGUIÇA CALABRESA', 11.00, 25.00, 4), (17, 'PÃO COM MORTADELA', 3.20, 8.00, 5), 
(18, 'SARDINHA', 1.70, 4.00, 9), (19, 'CALDO DE MOCOTÓ', 5.50, 12.00, 4), (20, 'DOBRADINHA', 6.80, 15.00, 4), 
(21, 'CALDINHO DE FEIJÃO', 4.10, 10.00, 6), (22, 'REFRIGERANTE', 2.80, 5.00, 1), 
(23, 'ÁGUA TÔNICA', 3.10, 6.00, 1), (24, 'CIGARRO', 0.65, 1.00, 10), (25, 'ISQUEIRO', 2.90, 6.00, 10), 
(26, 'FÓSFORO', 0.45, 1.00, 10), (27, 'PAÇOCA', 0.60, 1.50, 7), (28, 'CHICLETE', 0.15, 0.50, 7), 
(29, 'CONHAQUE', 3.90, 7.00, 2), (30, 'CAFÉ', 0.80, 2.00, 6);

-- 4. FUNCIONÁRIOS E CLIENTES
INSERT INTO ZE_EMPLOYEES (EMPLOYEE_NAME, SALARY) VALUES ('ADÔNIS GREGA', 1834.45), ('APOLO GOD', 1900.03), 
('ÁRTEMIS SISTER', 2300.00);

INSERT INTO ZE_CLIENTS (CLIENT_NAME) VALUES ('DONA MARIA'), ('TIÃO'), ('JOÃO DO PULO'), ('SR. WILSON'), 
('ROBERTO'), ('CHICO MINEIRO'), ('ZÉ DA ESQUINA'), ('ANÔNIMO');

-- 5. VENDAS À VISTA
INSERT INTO ZE_SALES (SALE_DATE, PRODUCT_ID, EMPLOYEE_ID, CLIENT_ID, QUANTITY, PAYMENT_STATUS) VALUES 
('2026-03-06', 14, 3, 1, 6, 'PAID'), ('2026-03-06', 15, 1, 8, 10, 'PAID'), ('2026-03-06', 16, 3, 2, 5, 'PAID'),
('2026-03-07', 17, 1, 8, 18, 'PAID'), ('2026-03-07', 18, 2, 3, 15, 'PAID'), ('2026-03-07', 19, 3, 8, 10, 'PAID'),
('2026-03-08', 20, 3, 7, 8, 'PAID'), ('2026-03-08', 21, 3, 8, 15, 'PAID'), ('2026-03-08', 22, 1, 4, 30, 'PAID'),
('2026-03-09', 23, 2, 8, 15, 'PAID'), ('2026-03-09', 25, 1, 8, 5, 'PAID'), ('2026-03-09', 26, 1, 6, 15, 'PAID'),
('2026-03-10', 27, 1, 6, 20, 'PAID'), ('2026-03-10', 28, 2, 8, 80, 'PAID'), ('2026-03-10', 29, 2, 1, 12, 'PAID'),
('2026-03-11', 1, 3, 8, 45, 'PAID'), ('2026-03-11', 6, 1, 2, 28, 'PAID'), ('2026-03-11', 2, 2, 8, 55, 'PAID'),
('2026-03-12', 3, 2, 3, 22, 'PAID'), ('2026-03-12', 4, 3, 8, 20, 'PAID'), ('2026-03-12', 5, 1, 7, 15, 'PAID'),
('2026-03-13', 7, 1, 8, 12, 'PAID'), ('2026-03-13', 8, 1, 4, 15, 'PAID'), ('2026-03-13', 9, 3, 8, 18, 'PAID'),
('2026-03-14', 10, 2, 5, 30, 'PAID'), ('2026-03-14', 11, 3, 8, 10, 'PAID'), ('2026-03-14', 12, 1, 6, 25, 'PAID'),
('2026-03-15', 13, 2, 8, 45, 'PAID'), ('2026-03-15', 14, 3, 1, 12, 'PAID'), ('2026-03-15', 15, 1, 8, 15, 'PAID'),
('2026-03-16', 16, 3, 2, 8, 'PAID'), ('2026-03-16', 17, 1, 8, 20, 'PAID'), ('2026-03-16', 18, 2, 3, 22, 'PAID'),
('2026-03-17', 19, 3, 8, 15, 'PAID'), ('2026-03-17', 20, 3, 7, 10, 'PAID'), ('2026-03-17', 21, 3, 8, 20, 'PAID'),
('2026-03-18', 22, 1, 4, 35, 'PAID'), ('2026-03-18', 23, 2, 8, 18, 'PAID'), ('2026-03-18', 24, 2, 5, 75, 'PAID'),
('2026-03-19', 25, 1, 8, 8, 'PAID'), ('2026-03-19', 26, 1, 6, 20, 'PAID'), ('2026-03-19', 27, 1, 8, 30, 'PAID'),
('2026-03-20', 28, 2, 1, 110, 'PAID'), ('2026-03-20', 29, 2, 8, 15, 'PAID'), ('2026-03-20', 30, 2, 2, 40, 'PAID'),
('2026-03-21', 1, 3, 8, 55, 'PAID'), ('2026-03-21', 6, 1, 3, 32, 'PAID'), ('2026-03-21', 2, 2, 8, 65, 'PAID'),
('2026-03-22', 3, 2, 7, 28, 'PAID'), ('2026-03-22', 4, 3, 8, 22, 'PAID'), ('2026-03-22', 5, 1, 4, 18, 'PAID'),
('2026-03-23', 7, 1, 8, 15, 'PAID'), ('2026-03-23', 8, 1, 5, 18, 'PAID'), ('2026-03-23', 9, 3, 8, 25, 'PAID'),
('2026-03-24', 10, 2, 6, 35, 'PAID'), ('2026-03-24', 11, 3, 8, 12, 'PAID'), ('2026-03-24', 12, 1, 1, 30, 'PAID'),
('2026-03-25', 13, 2, 8, 55, 'PAID'), ('2026-03-25', 14, 3, 2, 15, 'PAID'), ('2026-03-25', 15, 1, 8, 18, 'PAID'),
('2026-03-26', 16, 3, 3, 10, 'PAID'), ('2026-03-26', 17, 1, 8, 25, 'PAID'), ('2026-03-26', 18, 2, 7, 30, 'PAID'),
('2026-03-27', 19, 3, 8, 18, 'PAID'), ('2026-03-27', 20, 3, 4, 12, 'PAID'), ('2026-03-27', 21, 3, 8, 25, 'PAID'),
('2026-03-28', 22, 1, 5, 40, 'PAID'), ('2026-03-28', 23, 2, 8, 20, 'PAID'), ('2026-03-28', 24, 2, 6, 80, 'PAID'),
('2026-03-29', 25, 1, 8, 10, 'PAID'), ('2026-03-29', 27, 1, 8, 35, 'PAID'), ('2026-03-29', 28, 2, 5, 50, 'PAID'),
('2026-03-30', 28, 2, 2, 120, 'PAID'), ('2026-03-30', 29, 2, 8, 18, 'PAID'), ('2026-03-30', 30, 2, 3, 45, 'PAID'),
('2026-03-31', 1, 3, 8, 60, 'PAID'), ('2026-03-31', 6, 1, 7, 35, 'PAID'), ('2026-03-31', 2, 2, 8, 70, 'PAID');

-- 6. TODAS AS VENDAS FIADAS (JANEIRO, FEVEREIRO E MARÇO)
INSERT INTO ZE_SALES (SALE_DATE, PRODUCT_ID, EMPLOYEE_ID, CLIENT_ID, QUANTITY, PAYMENT_STATUS) VALUES 
('2026-01-05', 2, 2, 7, 10, 'ON_CREDIT'), ('2026-01-07', 1, 3, 3, 6, 'ON_CREDIT'), ('2026-01-08', 24, 1, 2, 10, 'ON_CREDIT'),
('2026-01-10', 10, 2, 4, 5, 'ON_CREDIT'), ('2026-01-12', 29, 2, 5, 4, 'ON_CREDIT'), ('2026-01-15', 17, 1, 6, 4, 'ON_CREDIT'),
('2026-01-18', 19, 3, 1, 3, 'ON_CREDIT'), ('2026-01-20', 2, 2, 7, 8, 'ON_CREDIT'), ('2026-01-22', 1, 3, 3, 10, 'ON_CREDIT'),
('2026-01-25', 4, 1, 2, 6, 'ON_CREDIT'), ('2026-01-28', 16, 3, 5, 2, 'ON_CREDIT'), ('2026-01-30', 30, 2, 6, 10, 'ON_CREDIT'),
('2026-02-02', 6, 1, 7, 6, 'ON_CREDIT'), ('2026-02-04', 1, 3, 4, 8, 'ON_CREDIT'), ('2026-02-05', 24, 2, 2, 15, 'ON_CREDIT'),
('2026-02-07', 2, 2, 3, 12, 'ON_CREDIT'), ('2026-02-10', 20, 3, 5, 3, 'ON_CREDIT'),('2026-02-12', 25, 1, 1, 5, 'ON_CREDIT'),
('2026-02-15', 15, 1, 6, 4, 'ON_CREDIT'), ('2026-02-18', 21, 3, 7, 5, 'ON_CREDIT'), ('2026-02-20', 1, 3, 4, 12, 'ON_CREDIT'),
('2026-02-22', 29, 2, 5, 6, 'ON_CREDIT'), ('2026-02-24', 3, 2, 2, 10, 'ON_CREDIT'), ('2026-02-26', 4, 1, 3, 8, 'ON_CREDIT'),
('2026-02-28', 18, 2, 6, 10, 'ON_CREDIT'), ('2026-03-02', 1, 3, 1, 5, 'ON_CREDIT'), ('2026-03-04', 24, 2, 7, 20, 'ON_CREDIT'),
('2026-03-05', 2, 2, 2, 10, 'ON_CREDIT'), ('2026-03-07', 10, 2, 4, 6, 'ON_CREDIT'), ('2026-03-09', 17, 1, 5, 5, 'ON_CREDIT'),
('2026-03-11', 19, 3, 3, 4, 'ON_CREDIT'), ('2026-03-13', 6, 1, 6, 8, 'ON_CREDIT'), ('2026-03-15', 1, 3, 7, 10, 'ON_CREDIT'),
('2026-03-17', 16, 3, 1, 3, 'ON_CREDIT'), ('2026-03-19', 12, 1, 2, 10, 'ON_CREDIT'), ('2026-03-21', 2, 2, 4, 15, 'ON_CREDIT'),
('2026-03-22', 29, 2, 3, 5, 'ON_CREDIT'), ('2026-03-24', 8, 1, 5, 6, 'ON_CREDIT'), ('2026-03-25', 11, 3, 6, 2, 'ON_CREDIT'),
('2026-03-26', 30, 2, 7, 12, 'ON_CREDIT'), ('2026-03-27', 24, 2, 1, 12, 'ON_CREDIT'), ('2026-03-28', 1, 3, 2, 8, 'ON_CREDIT'),
('2026-03-29', 27, 1, 4, 15, 'ON_CREDIT'), ('2026-03-29', 28, 2, 5, 50, 'ON_CREDIT'), ('2026-03-30', 2, 2, 3, 20, 'ON_CREDIT'),
('2026-03-30', 9, 1, 6, 10, 'ON_CREDIT'), ('2026-03-31', 21, 3, 7, 6, 'ON_CREDIT'), ('2026-03-31', 1, 3, 4, 12, 'ON_CREDIT'),
('2026-03-31', 25, 1, 2, 2, 'ON_CREDIT'), ('2026-03-31', 29, 2, 5, 4, 'ON_CREDIT');


-- QUESTIONÁRIO --

-- 1. FATURAMENTO MARÇO
SELECT SUM(P.SELLING_PRICE * S.QUANTITY) FROM ZE_SALES S JOIN ZE_PRODUCTS P ON S.PRODUCT_ID = P.PRODUCT_ID 
WHERE MONTH(S.SALE_DATE) = 3;

-- 2. LUCRO MARÇO
SELECT SUM((P.SELLING_PRICE - P.COST_PRICE) * S.QUANTITY) FROM ZE_SALES S 
JOIN ZE_PRODUCTS P ON S.PRODUCT_ID = P.PRODUCT_ID WHERE MONTH(S.SALE_DATE) = 3;

-- 3. LUCRO TRIMESTRE
SELECT SUM((P.SELLING_PRICE - P.COST_PRICE) * S.QUANTITY) FROM ZE_SALES S 
JOIN ZE_PRODUCTS P ON S.PRODUCT_ID = P.PRODUCT_ID;

-- 4. PRODUTO MAIS VENDIDO
SELECT P.PRODUCT_NAME, SUM(S.QUANTITY) FROM ZE_SALES S JOIN ZE_PRODUCTS P 
ON S.PRODUCT_ID = P.PRODUCT_ID GROUP BY P.PRODUCT_NAME ORDER BY SUM(S.QUANTITY) DESC LIMIT 1;

-- 5. PRODUTO MENOS VENDIDO
SELECT P.PRODUCT_NAME, SUM(S.QUANTITY) FROM ZE_SALES S JOIN ZE_PRODUCTS P 
ON S.PRODUCT_ID = P.PRODUCT_ID GROUP BY P.PRODUCT_NAME ORDER BY SUM(S.QUANTITY) ASC LIMIT 1;

-- 6. FUNCIONÁRIO QUE MAIS VENDEU
SELECT E.EMPLOYEE_NAME, SUM(S.QUANTITY) FROM ZE_SALES S JOIN ZE_EMPLOYEES E 
ON S.EMPLOYEE_ID = E.EMPLOYEE_ID GROUP BY E.EMPLOYEE_NAME ORDER BY SUM(S.QUANTITY) DESC LIMIT 1;

-- 7. FUNCIONÁRIO QUE MENOS VENDEU
SELECT E.EMPLOYEE_NAME, SUM(S.QUANTITY) FROM ZE_SALES S JOIN ZE_EMPLOYEES E 
ON S.EMPLOYEE_ID = E.EMPLOYEE_ID GROUP BY E.EMPLOYEE_NAME ORDER BY SUM(S.QUANTITY) ASC LIMIT 1;

-- 8. MAIOR MARGEM UNITÁRIA
SELECT PRODUCT_NAME, (SELLING_PRICE - COST_PRICE) FROM ZE_PRODUCTS 
ORDER BY (SELLING_PRICE - COST_PRICE) DESC LIMIT 1;

-- 9. MENOR MARGEM UNITÁRIA
SELECT PRODUCT_NAME, (SELLING_PRICE - COST_PRICE) FROM ZE_PRODUCTS 
ORDER BY (SELLING_PRICE - COST_PRICE) ASC LIMIT 1;

-- 10. VENDAS POR DIA
SELECT SALE_DATE, COUNT(*) FROM ZE_SALES GROUP BY SALE_DATE;

-- 11. CLIENTE QUE MAIS COMPROU
SELECT C.CLIENT_NAME, SUM(S.QUANTITY) FROM ZE_SALES S JOIN ZE_CLIENTS C ON S.CLIENT_ID = C.CLIENT_ID 
GROUP BY C.CLIENT_NAME ORDER BY SUM(S.QUANTITY) DESC LIMIT 1;

-- 12. VALOR INVESTIDO EM ESTOQUE
SELECT SUM(COST_PRICE * 50) FROM ZE_PRODUCTS;

-- 13. FORNECEDOR COM MAIOR CUSTO MÉDIO
SELECT SU.SUPPLIER_NAME, AVG(P.COST_PRICE) FROM ZE_PRODUCTS P JOIN ZE_SUPPLIERS SU 
ON P.SUPPLIER_ID = SU.SUPPLIER_ID GROUP BY SU.SUPPLIER_NAME ORDER BY AVG(P.COST_PRICE) DESC LIMIT 1;

-- 14. QUEM MAIS DEVE
SELECT C.CLIENT_NAME, SUM(S.QUANTITY) FROM ZE_SALES S JOIN ZE_CLIENTS C ON S.CLIENT_ID = C.CLIENT_ID 
WHERE S.PAYMENT_STATUS = 'ON_CREDIT' GROUP BY C.CLIENT_NAME ORDER BY SUM(S.QUANTITY) DESC LIMIT 1;

-- 15. PRODUTO MAIS LEVADO NO FIADO
SELECT P.PRODUCT_NAME, SUM(S.QUANTITY) FROM ZE_SALES S JOIN ZE_PRODUCTS P ON S.PRODUCT_ID = P.PRODUCT_ID 
WHERE S.PAYMENT_STATUS = 'ON_CREDIT' GROUP BY P.PRODUCT_NAME ORDER BY SUM(S.QUANTITY) DESC LIMIT 1;

-- 16. PERDA POR MÊS
SELECT MONTH(SALE_DATE), SUM(P.SELLING_PRICE * S.QUANTITY) FROM ZE_SALES S JOIN ZE_PRODUCTS P 
ON S.PRODUCT_ID = P.PRODUCT_ID WHERE S.PAYMENT_STATUS = 'ON_CREDIT' GROUP BY MONTH(SALE_DATE);

